-- MySQL Script generated by MySQL Workbench
-- 05/29/19 23:19:59
-- Model: New Model    Version: 1.0
-- MySQL Workbench Forward Engineering

SET @OLD_UNIQUE_CHECKS=@@UNIQUE_CHECKS, UNIQUE_CHECKS=0;
SET @OLD_FOREIGN_KEY_CHECKS=@@FOREIGN_KEY_CHECKS, FOREIGN_KEY_CHECKS=0;
SET @OLD_SQL_MODE=@@SQL_MODE, SQL_MODE='TRADITIONAL,ALLOW_INVALID_DATES';

-- -----------------------------------------------------
-- Schema truyum
-- -----------------------------------------------------

-- -----------------------------------------------------
-- Schema truyum
-- -----------------------------------------------------
CREATE SCHEMA IF NOT EXISTS `truyum` DEFAULT CHARACTER SET utf8 COLLATE utf8_general_ci ;
USE `truyum` ;

-- -----------------------------------------------------
-- Table `truyum`.`user`
-- -----------------------------------------------------
CREATE TABLE IF NOT EXISTS `truyum`.`user` (
  `us_id` INT NOT NULL AUTO_INCREMENT,
  `us_name` VARCHAR(60) NULL,
  `us_first_name` VARCHAR(60) NULL,
  `us_last_name` VARCHAR(60) NULL,
  `us_password` VARCHAR(60) NULL,
  PRIMARY KEY (`us_id`))
ENGINE = InnoDB;


-- -----------------------------------------------------
-- Table `truyum`.`menu_item`
-- -----------------------------------------------------
CREATE TABLE IF NOT EXISTS `truyum`.`menu_item` (
  `me_id` INT NOT NULL AUTO_INCREMENT,
  `me_name` VARCHAR(100) NULL,
  `me_price` DECIMAL(8,2) NULL,
  `me_active` boolean NULL,
  `me_date_of_launch` DATE NULL,
  `me_category` VARCHAR(45) NULL,
  `me_free_delivery`boolean NULL,
  `me_image` VARCHAR(200) NULL,
  PRIMARY KEY (`me_id`))
ENGINE = InnoDB;


-- -----------------------------------------------------
-- Table `truyum`.`cart`
-- -----------------------------------------------------
CREATE TABLE IF NOT EXISTS `truyum`.`cart` (
  `ct_id` INT NOT NULL AUTO_INCREMENT,
  `ct_us_id` INT NULL,
  `ct_me_id` INT NULL,
  PRIMARY KEY (`ct_id`),
  INDEX `ct_us_fk_idx` (`ct_us_id` ASC),
  INDEX `ct_me_fk_idx` (`ct_me_id` ASC),
  CONSTRAINT `ct_us_fk`
    FOREIGN KEY (`ct_us_id`)
    REFERENCES `truyum`.`user` (`us_id`)
    ON DELETE NO ACTION
    ON UPDATE NO ACTION,
  CONSTRAINT `ct_me_fk`
    FOREIGN KEY (`ct_me_id`)
    REFERENCES `truyum`.`menu_item` (`me_id`)
    ON DELETE NO ACTION
    ON UPDATE NO ACTION)
ENGINE = InnoDB;


-- -----------------------------------------------------
-- Table `truyum`.`role`
-- -----------------------------------------------------
CREATE TABLE IF NOT EXISTS `truyum`.`role` (
  `ro_id` INT NOT NULL AUTO_INCREMENT,
  `ro_name` VARCHAR(60) NULL,
  PRIMARY KEY (`ro_id`))
ENGINE = InnoDB;

-- -----------------------------------------------------
-- Table `truyum`.`user_role`
-- -----------------------------------------------------
CREATE TABLE IF NOT EXISTS `truyum`.`user_role` (
  `ur_id` INT NOT NULL AUTO_INCREMENT,
  `ur_us_id` INT NULL,
  `ur_ro_id` INT NULL,
  PRIMARY KEY (`ur_id`),
   INDEX `ur_us_fk_idx` (`ur_us_id` ASC),
  INDEX `ur_ro_fk_idx` (`ur_ro_id` ASC),
  CONSTRAINT `ur_us_fk`
    FOREIGN KEY (`ur_us_id`)
    REFERENCES `truyum`.`user` (`us_id`)
    ON DELETE NO ACTION
    ON UPDATE NO ACTION,
  CONSTRAINT `ur_ro_fk`
    FOREIGN KEY (`ur_ro_id`)
    REFERENCES `truyum`.`role` (`ro_id`)
    ON DELETE NO ACTION
    ON UPDATE NO ACTION)
ENGINE = InnoDB;



SET SQL_MODE=@OLD_SQL_MODE;
SET FOREIGN_KEY_CHECKS=@OLD_FOREIGN_KEY_CHECKS;
SET UNIQUE_CHECKS=@OLD_UNIQUE_CHECKS;


-- Include table data insertion, updation, deletion and select scripts

USE truyum;

-- view menu item list admin

INSERT INTO `truyum`.`menu_item` VALUES 
(1,'Sandwich',99.00,1,'2017-03-15','Main Course',1,'https://images.unsplash.com/photo-1528735602780-2552fd46c7af?ixlib=rb-1.2.1&amp;ixid=eyJhcHBfaWQiOjEyMDd9&amp;auto=format&amp;fit=crop&amp;w=1053&amp;q=80'),
(2,'Burger',129.00,1,'2017-12-23','Main Course',0,'https://images.unsplash.com/photo-1512152272829-e3139592d56f?ixlib=rb-1.2.1&amp;ixid=eyJhcHBfaWQiOjEyMDd9&amp;auto=format&amp;fit=crop&amp;w=1050&amp;q=80'),
(3,'Pizza','149.00',1,'2017-08-21','Main Course',0,'https://images.unsplash.com/photo-1534308983496-4fabb1a015ee?ixlib=rb-1.2.1&amp;ixid=eyJhcHBfaWQiOjEyMDd9&amp;auto=format&amp;fit=crop&amp;w=1055&amp;q=80'),
(4,'Freench Fries','57.00',0,'2017-07-02','Starters',1,'https://images.unsplash.com/photo-1526230427044-d092040d48dc?ixlib=rb-1.2.1&amp;ixid=eyJhcHBfaWQiOjEyMDd9&amp;auto=format&amp;fit=crop&amp;w=1050&amp;q=80'),
(5,'Chocolate Browine','32.00',1,'2022-11-02','Dessert',1,'https://images.unsplash.com/photo-1564355808539-22fda35bed7e?ixlib=rb-1.2.1&amp;ixid=eyJhcHBfaWQiOjEyMDd9&amp;auto=format&amp;fit=crop&amp;w=1030&amp;q=80');


-- add to cart
 
INSERT INTO `truyum`.`user` 
VALUES (1,'admin','admin','admin','$2a$10$R/lZJuT9skteNmAku9Y7aeutxbOKstD5xE5bHOf74M2PHZipyt3yK'),(2,'user','user','user','$2a$10$R/lZJuT9skteNmAku9Y7aeutxbOKstD5xE5bHOf74M2PHZipyt3yK');


INSERT INTO `truyum`.`cart` 
VALUES (1,1,2),(2,1,4),(3,1,1);
INSERT INTO `truyum`.`cart`
(`ct_us_id`,
`ct_me_id`)
VALUES
(1,2),(1,4),(1,1);

INSERT INTO `truyum`.`role`
VALUES	(1,'ADMIN'),(2,'USER'); 

INSERT INTO `truyum`.`user_role`
VALUES (1,1,1),(2,2,2);